{
    "750x750.jpg": {
        "total": 5.9914664561999995
    },
    "1500x1500.jpg": {
        "total": 23.575415432200003
    },
    "3000x3000.jpg": {
        "total": 96.2440592206
    },
    "6000x6000.jpg": {
        "total": 385.9932622598
    }
}