{
    "750x750.jpg": {
        "total": 5.054314780001004
    },
    "1500x1500.jpg": {
        "total": 19.92724817999988
    },
    "3000x3000.jpg": {
        "total": 79.78421473999916
    },
    "6000x6000.jpg": {
        "total": 318.78867954000157
    }
}