{
    "6000x6000.jpg": {
        "total": 133.20489581999718
    },
    "3000x3000.jpg": {
        "total": 33.83282408000086
    },
    "1500x1500.jpg": {
        "total": 8.587303460005206
    },
    "750x750.jpg": {
        "total": 2.100404759997036
    }
}