{
    "750x750.jpg": {
        "total": 2.085671119997278
    },
    "1500x1500.jpg": {
        "total": 8.429492620012024
    },
    "3000x3000.jpg": {
        "total": 33.749251720006576
    },
    "6000x6000.jpg": {
        "total": 135.37445814000677
    }
}