{
    "imagen.avif": {
        "critico": 29.708799486,
        "total": 48.903939992000005
    }
}